submitter_id.samples,age_at_initial_pathologic_diagnosis,gender,pathologic_M,pathologic_N,pathologic_T,pathologic_stage
TCGA.3Z.A93Z,69,MALE,M0,N0,T1a,Stage I
TCGA.6D.AA2E,68,FEMALE,MX,NX,T1b,Stage I
TCGA.A3.3358,57,FEMALE,M0,N0,T1a,Stage I
TCGA.A3.3387,49,MALE,M0,N0,T1a,Stage I
TCGA.A3.A6NI,47,MALE,MX,NX,T1a,Stage I
TCGA.A3.A6NJ,57,FEMALE,MX,NX,T1a,Stage I
TCGA.A3.A6NL,49,FEMALE,MX,NX,T1b,Stage I
TCGA.A3.A6NN,78,MALE,MX,NX,T1a,Stage I
TCGA.A3.A8CQ,59,FEMALE,MX,NX,T1a,Stage I
TCGA.A3.A8OV,75,MALE,MX,NX,T1a,Stage I
TCGA.A3.A8OW,37,MALE,MX,NX,T3a,Stage III
TCGA.AK.3440,58,MALE,M0,NX,T1a,Stage I
TCGA.AK.3458,48,MALE,M0,NX,T1b,Stage I
TCGA.B0.4698,75,MALE,M0,NX,T4,Stage IV
TCGA.B0.4700,60,MALE,M1,NX,T4,Stage IV
TCGA.B0.4706,61,MALE,M0,NX,T3a,Stage III
TCGA.B0.4710,75,FEMALE,M0,N0,T3a,Stage III
TCGA.B0.4712,76,MALE,M1,NX,T3a,Stage IV
TCGA.B0.4810,47,MALE,M0,N1,T3a,Stage III
TCGA.B0.4811,48,MALE,M0,N0,T3a,Stage III
TCGA.B0.4815,65,MALE,M0,NX,T3a,Stage III
TCGA.B0.4816,49,MALE,M0,N0,T2,Stage II
TCGA.B0.4818,68,FEMALE,M0,NX,T2,Stage II
TCGA.B0.4821,68,FEMALE,M0,N0,T3b,Stage III
TCGA.B0.4852,78,FEMALE,M0,N0,T2,Stage II
TCGA.B0.5080,63,MALE,M1,N0,T3a,Stage IV
TCGA.B0.5399,46,MALE,M0,N0,T1b,Stage I
TCGA.B0.5400,59,FEMALE,M0,N0,T3b,Stage III
TCGA.B0.5402,64,MALE,M0,NX,T4,Stage IV
TCGA.B0.5690,53,FEMALE,M0,NX,T1b,Stage I
TCGA.B0.5691,66,FEMALE,M0,N0,T1a,Stage I
TCGA.B0.5692,66,FEMALE,M0,N0,T3b,Stage III
TCGA.B0.5693,47,FEMALE,M0,NX,T1b,Stage I
TCGA.B0.5694,71,MALE,M0,N0,T3a,Stage III
TCGA.B0.5695,61,FEMALE,M0,N0,T1b,Stage I
TCGA.B0.5696,69,MALE,M0,N0,T3a,Stage III
TCGA.B0.5697,50,MALE,M0,N0,T1a,Stage I
TCGA.B0.5698,77,MALE,M0,N0,T1b,Stage I
TCGA.B0.5699,53,MALE,M0,N0,T1,Stage I
TCGA.B0.5700,77,MALE,M0,N0,T1a,Stage I
TCGA.B0.5701,65,MALE,M0,N0,T3b,Stage III
TCGA.B0.5702,71,MALE,M0,N0,T1b,Stage I
TCGA.B0.5703,73,MALE,M0,N0,T1b,Stage I
TCGA.B0.5705,65,FEMALE,M0,N0,T1,Stage I
TCGA.B0.5706,45,MALE,M0,N0,T2,Stage II
TCGA.B0.5707,39,FEMALE,M0,N0,T1a,Stage I
TCGA.B0.5709,62,FEMALE,M0,NX,T3a,Stage III
TCGA.B0.5710,57,MALE,M0,N0,T1b,Stage I
TCGA.B0.5711,50,MALE,M0,NX,T3b,Stage III
TCGA.B0.5712,68,FEMALE,M1,N0,T2,Stage IV
TCGA.B0.5713,75,FEMALE,M0,N0,T3b,Stage III
TCGA.B0.5812,53,MALE,M0,NX,T1b,Stage I
TCGA.B2.3924,73,MALE,M0,NX,T1b,Stage I
TCGA.B2.5633,56,MALE,M0,N0,T1b,Stage I
TCGA.B2.5635,74,MALE,M0,NX,T1a,Stage I
TCGA.B2.5636,79,MALE,M0,NX,T1a,Stage I
TCGA.B2.5639,46,MALE,M1,NX,T3,Stage IV
TCGA.B2.5641,79,MALE,M0,N0,T1a,Stage I
TCGA.B2.A4SR,61,MALE,M0,NX,T2a,Stage II
TCGA.B4.5377,68,FEMALE,M1,N0,T3,Stage IV
TCGA.B4.5378,62,MALE,M0,N0,T1,Stage I
TCGA.B4.5832,65,MALE,M0,N0,T3b,Stage III
TCGA.B4.5834,59,MALE,M0,N0,T1,Stage I
TCGA.B4.5835,64,FEMALE,M0,N0,T1,Stage I
TCGA.B4.5836,61,FEMALE,M0,N0,T1b,Stage I
TCGA.B4.5838,52,MALE,M0,N1,T3,Not Reported
TCGA.B4.5843,45,MALE,M0,N0,T1,Stage I
TCGA.B4.5844,61,FEMALE,M0,N0,T2,Stage II
TCGA.B8.4146,41,FEMALE,M0,NX,T1b,Stage I
TCGA.B8.4153,74,MALE,M0,NX,T3a,Stage III
TCGA.B8.4621,63,MALE,M0,N0,T1b,Stage I
TCGA.B8.4622,57,MALE,M1,N0,T3a,Stage IV
TCGA.B8.5545,42,MALE,M0,N0,T1a,Stage I
TCGA.B8.5546,38,FEMALE,M0,N0,T1b,Stage I
TCGA.B8.5549,53,MALE,M0,N0,T1b,Stage I
TCGA.B8.5550,71,MALE,M0,N0,T3a,Stage III
TCGA.B8.5551,65,FEMALE,M0,N0,T1b,Stage I
TCGA.B8.5552,41,FEMALE,M0,NX,T1b,Stage I
TCGA.B8.5553,67,FEMALE,M0,N0,T1b,Stage I
TCGA.B8.A54D,69,MALE,MX,NX,T3a,Stage III
TCGA.B8.A54E,62,FEMALE,MX,NX,T1b,Stage I
TCGA.B8.A54F,49,FEMALE,MX,NX,T1a,Stage I
TCGA.B8.A54G,50,MALE,MX,NX,T1a,Stage I
TCGA.B8.A54H,69,FEMALE,MX,N0,T2a,Stage II
TCGA.B8.A54I,48,MALE,MX,NX,T1b,Stage I
TCGA.B8.A54J,60,MALE,MX,NX,T2a,Stage II
TCGA.B8.A54K,61,MALE,MX,NX,T1a,Stage I
TCGA.BP.4770,73,FEMALE,M0,N0,T4,Stage IV
TCGA.CJ.5671,51,MALE,M0,NX,T1a,Stage I
TCGA.CJ.5672,84,MALE,M0,NX,T1a,Stage I
TCGA.CJ.5675,70,MALE,M0,NX,T2a,Stage II
TCGA.CJ.5676,47,MALE,M0,NX,T3b,Stage III
TCGA.CJ.5677,54,FEMALE,M1,NX,T3a,Stage IV
TCGA.CJ.5678,62,MALE,M1,N0,T2b,Stage IV
TCGA.CJ.5679,73,MALE,M0,NX,T3b,Stage III
TCGA.CJ.5680,65,FEMALE,M1,NX,T3a,Stage IV
TCGA.CJ.5681,44,FEMALE,M1,NX,T3a,Stage IV
TCGA.CJ.5682,60,MALE,M1,NX,T3a,Stage IV
TCGA.CJ.5683,78,MALE,M0,NX,T1b,Stage I
TCGA.CJ.5684,61,MALE,M0,NX,T3a,Stage III
TCGA.CJ.5686,59,FEMALE,M0,NX,T1b,Stage I
TCGA.CJ.5689,90,MALE,M0,NX,T1b,Stage I
TCGA.CJ.6027,77,MALE,M0,NX,T1a,Stage I
TCGA.CJ.6028,58,MALE,M1,NX,T3a,Stage IV
TCGA.CJ.6030,65,MALE,M0,N0,T1a,Stage I
TCGA.CJ.6031,54,MALE,M0,NX,T1b,Stage I
TCGA.CJ.6032,63,FEMALE,M0,NX,T2,Stage II
TCGA.CJ.6033,54,FEMALE,M1,N0,T3a,Stage IV
TCGA.CW.5580,73,FEMALE,M1,NX,T3a,Stage IV
TCGA.CW.5581,44,MALE,M0,NX,T1b,Stage I
TCGA.CW.5583,51,FEMALE,M0,NX,T1a,Stage I
TCGA.CW.5584,74,MALE,M0,N1,T3b,Stage III
TCGA.CW.5585,51,MALE,M1,N0,T3b,Stage IV
TCGA.CW.5587,62,FEMALE,M0,N0,T3b,Stage III
TCGA.CW.5588,78,FEMALE,M0,NX,T1a,Stage I
TCGA.CW.5589,52,MALE,M0,NX,T1a,Stage I
TCGA.CW.5590,51,MALE,M1,NX,T3a,Stage IV
TCGA.CW.5591,56,MALE,M1,N0,T3a,Stage IV
TCGA.CW.6087,61,MALE,M1,N1,T3a,Stage IV
TCGA.CW.6088,60,MALE,M0,N0,T1b,Stage I
TCGA.CW.6090,68,MALE,M0,NX,T1b,Stage I
TCGA.CW.6093,73,MALE,M0,NX,T1a,Stage I
TCGA.CW.6097,32,MALE,M0,NX,T3a,Stage III
TCGA.CZ.4863,51,FEMALE,M0,N0,T3b,Stage III
TCGA.CZ.4864,86,MALE,M0,N0,T2,Stage II
TCGA.CZ.4865,70,FEMALE,M0,NX,T1a,Stage I
TCGA.CZ.4866,79,FEMALE,M0,NX,T1,Stage I
TCGA.CZ.5451,74,MALE,M0,N0,T2,Stage II
TCGA.CZ.5452,69,MALE,M0,N0,T2,Stage II
TCGA.CZ.5453,67,MALE,M0,NX,T2,Stage II
TCGA.CZ.5454,63,MALE,M1,N0,T2,Stage IV
TCGA.CZ.5455,63,MALE,M1,NX,T3b,Stage IV
TCGA.CZ.5456,57,MALE,M0,N0,T2,Stage II
TCGA.CZ.5457,62,MALE,M0,NX,T3a,Stage III
TCGA.CZ.5458,43,MALE,M0,NX,T3a,Stage III
TCGA.CZ.5459,63,MALE,M0,NX,T3b,Stage III
TCGA.CZ.5460,55,MALE,M1,NX,T3b,Stage IV
TCGA.CZ.5461,52,MALE,M1,NX,T1b,Stage IV
TCGA.CZ.5462,83,MALE,M1,NX,T1b,Stage IV
TCGA.CZ.5463,76,MALE,M0,NX,T2,Stage II
TCGA.CZ.5464,69,MALE,M1,NX,T3b,Stage IV
TCGA.CZ.5465,76,FEMALE,M0,NX,T3b,Stage III
TCGA.CZ.5466,67,MALE,M0,NX,T3a,Stage III
TCGA.CZ.5467,86,FEMALE,M0,N0,T3a,Stage III
TCGA.CZ.5468,84,MALE,M1,NX,T3b,Stage IV
TCGA.CZ.5469,41,MALE,M0,N0,T2,Stage II
TCGA.CZ.5470,72,FEMALE,M0,N0,T2,Stage II
TCGA.CZ.5982,59,FEMALE,M0,NX,T1a,Stage I
TCGA.CZ.5984,51,MALE,M0,N0,T1b,Stage I
TCGA.CZ.5985,58,MALE,M0,N0,T2,Stage II
TCGA.CZ.5986,61,MALE,M0,N0,T1,Stage I
TCGA.CZ.5987,60,MALE,M1,NX,T3b,Stage IV
TCGA.CZ.5988,38,MALE,M0,N0,T1b,Stage I
TCGA.CZ.5989,60,MALE,M0,N0,T2,Stage II
TCGA.DV.5565,59,MALE,M0,NX,T1a,Stage I
TCGA.DV.5566,67,FEMALE,M0,NX,T1a,Stage I
TCGA.DV.5567,40,FEMALE,M0,NX,T1a,Stage I
TCGA.DV.5568,26,MALE,M0,NX,T1a,Stage I
TCGA.DV.5569,29,FEMALE,M0,NX,T1a,Stage I
TCGA.DV.5573,41,MALE,M0,NX,T1a,Stage I
TCGA.DV.5574,37,MALE,M0,NX,T1a,Stage I
TCGA.DV.5575,52,FEMALE,M0,NX,T1a,Stage I
TCGA.DV.5576,55,FEMALE,M0,NX,T1a,Stage I
TCGA.DV.A4VX,59,MALE,MX,N0,T3b,Stage IV
TCGA.DV.A4VZ,53,MALE,MX,NX,T1a,Stage I
TCGA.DV.A4W0,55,MALE,MX,NX,T1b,Stage I
TCGA.EU.5904,47,FEMALE,M0,NX,T1,Stage I
TCGA.EU.5905,67,FEMALE,M0,NX,T1,Stage I
TCGA.EU.5906,55,MALE,M0,NX,T1b,Stage I
TCGA.EU.5907,81,MALE,M0,NX,T3a,Stage III
TCGA.G6.A5PC,54,FEMALE,M1,N0,T1b,Stage IV
TCGA.G6.A8L6,55,MALE,MX,NX,T2a,Stage IV
TCGA.G6.A8L7,81,FEMALE,MX,N0,T1b,Stage I
TCGA.G6.A8L8,62,FEMALE,MX,NX,T1b,Stage I
TCGA.GK.A6C7,76,FEMALE,MX,NX,T1a,Stage I
TCGA.MM.A563,41,MALE,MX,NX,T3,Not Reported
TCGA.MM.A564,68,MALE,MX,NX,T2a,Stage II
TCGA.MM.A84U,58,FEMALE,MX,NX,T1a,Stage I
TCGA.MW.A4EC,72,FEMALE,MX,NX,T1a,Stage I
TCGA.T7.A92I,47,FEMALE,MX,NX,T1a,Stage I
